T (s),0.04,0.05,0.075,0.1,0.11,0.12,0.13,0.14,0.15,0.16,0.17,0.18,0.19,0.2,0.22,0.24,0.26,0.28,0.3,0.32,0.34,0.36,0.38,0.4,0.42,0.44,0.46,0.48,0.5,0.55,0.6,0.65,0.7,0.75,0.8,0.85,0.9,0.95,1,1.1,1.2,1.3,1.4,1.5,1.6,1.7,1.8,1.9,2,2.2,2.4,2.6,2.8,3,3.2,3.4,3.6,3.8,4,4.2,4.4,4.6,4.8,5,5.5,6,6.5,7
0.04,1,0.977,0.936,0.905,0.901,0.892,0.886,0.877,0.866,0.863,0.856,0.847,0.837,0.824,0.813,0.797,0.782,0.768,0.749,0.735,0.717,0.702,0.689,0.674,0.662,0.646,0.631,0.62,0.604,0.58,0.554,0.54,0.519,0.499,0.497,0.488,0.477,0.469,0.462,0.46,0.451,0.434,0.419,0.422,0.412,0.416,0.415,0.411,0.391,0.378,0.367,0.357,0.347,0.339,0.332,0.325,0.317,0.308,0.286,0.278,0.274,0.272,0.27,0.266,0.272,0.269,0.28,0.276
0.05,0.977,1,0.962,0.924,0.917,0.906,0.899,0.888,0.877,0.872,0.864,0.855,0.843,0.829,0.818,0.802,0.787,0.772,0.754,0.741,0.723,0.709,0.697,0.68,0.669,0.653,0.638,0.624,0.608,0.582,0.556,0.541,0.52,0.501,0.494,0.485,0.476,0.467,0.46,0.456,0.446,0.431,0.416,0.414,0.396,0.395,0.393,0.392,0.374,0.365,0.356,0.345,0.341,0.334,0.324,0.318,0.311,0.302,0.278,0.27,0.267,0.264,0.262,0.259,0.26,0.258,0.269,0.266
0.075,0.936,0.962,1,0.964,0.953,0.942,0.931,0.917,0.905,0.899,0.89,0.879,0.868,0.853,0.841,0.825,0.81,0.796,0.777,0.762,0.743,0.727,0.713,0.695,0.681,0.665,0.648,0.631,0.614,0.587,0.557,0.537,0.517,0.5,0.492,0.483,0.473,0.462,0.454,0.448,0.434,0.415,0.398,0.394,0.376,0.37,0.366,0.364,0.348,0.337,0.327,0.314,0.312,0.306,0.297,0.288,0.28,0.268,0.243,0.236,0.232,0.229,0.225,0.221,0.215,0.213,0.226,0.222
0.1,0.905,0.924,0.964,1,0.99,0.978,0.967,0.954,0.943,0.935,0.926,0.916,0.904,0.89,0.876,0.857,0.842,0.826,0.805,0.79,0.772,0.755,0.742,0.724,0.708,0.691,0.673,0.655,0.637,0.609,0.578,0.557,0.536,0.518,0.509,0.499,0.487,0.475,0.466,0.458,0.441,0.422,0.401,0.395,0.375,0.371,0.364,0.36,0.344,0.331,0.319,0.305,0.301,0.297,0.286,0.276,0.268,0.256,0.23,0.223,0.219,0.216,0.213,0.209,0.203,0.2,0.212,0.208
0.11,0.901,0.917,0.953,0.99,1,0.99,0.98,0.969,0.959,0.951,0.942,0.932,0.919,0.905,0.89,0.87,0.855,0.838,0.816,0.8,0.781,0.765,0.751,0.733,0.717,0.699,0.681,0.662,0.644,0.615,0.584,0.563,0.542,0.523,0.515,0.504,0.492,0.48,0.47,0.461,0.445,0.426,0.405,0.399,0.38,0.376,0.369,0.364,0.348,0.335,0.325,0.311,0.306,0.301,0.292,0.282,0.274,0.261,0.235,0.227,0.223,0.22,0.216,0.212,0.208,0.205,0.217,0.214
0.12,0.892,0.906,0.942,0.978,0.99,1,0.991,0.982,0.972,0.963,0.954,0.944,0.931,0.917,0.902,0.881,0.865,0.848,0.827,0.809,0.79,0.774,0.76,0.742,0.727,0.708,0.69,0.673,0.655,0.625,0.594,0.572,0.551,0.532,0.523,0.512,0.499,0.488,0.477,0.469,0.451,0.432,0.41,0.404,0.385,0.381,0.374,0.369,0.353,0.34,0.33,0.316,0.31,0.305,0.296,0.286,0.278,0.264,0.239,0.23,0.226,0.223,0.219,0.215,0.212,0.209,0.221,0.219
0.13,0.886,0.899,0.931,0.967,0.98,0.991,1,0.991,0.981,0.972,0.963,0.953,0.941,0.926,0.911,0.89,0.873,0.856,0.833,0.816,0.796,0.78,0.766,0.748,0.732,0.714,0.696,0.679,0.662,0.632,0.6,0.579,0.558,0.539,0.53,0.518,0.505,0.493,0.482,0.474,0.456,0.437,0.415,0.408,0.388,0.384,0.378,0.372,0.355,0.343,0.33,0.316,0.31,0.306,0.298,0.288,0.279,0.266,0.24,0.231,0.227,0.225,0.22,0.216,0.215,0.213,0.224,0.222
0.14,0.877,0.888,0.917,0.954,0.969,0.982,0.991,1,0.991,0.983,0.974,0.964,0.952,0.938,0.922,0.901,0.883,0.864,0.842,0.824,0.804,0.788,0.774,0.756,0.74,0.721,0.703,0.686,0.669,0.639,0.607,0.587,0.565,0.545,0.536,0.523,0.509,0.498,0.486,0.476,0.458,0.438,0.415,0.407,0.387,0.383,0.376,0.371,0.355,0.342,0.329,0.316,0.31,0.306,0.297,0.288,0.279,0.266,0.242,0.233,0.228,0.226,0.221,0.218,0.218,0.216,0.227,0.223
0.15,0.866,0.877,0.905,0.943,0.959,0.972,0.981,0.991,1,0.992,0.983,0.973,0.962,0.949,0.933,0.911,0.892,0.873,0.85,0.832,0.812,0.796,0.782,0.763,0.746,0.728,0.71,0.692,0.676,0.647,0.616,0.595,0.573,0.554,0.543,0.53,0.516,0.504,0.492,0.482,0.463,0.442,0.419,0.412,0.392,0.387,0.38,0.376,0.36,0.347,0.333,0.32,0.314,0.308,0.3,0.29,0.281,0.269,0.244,0.235,0.23,0.228,0.224,0.22,0.223,0.221,0.231,0.227
0.16,0.863,0.872,0.899,0.935,0.951,0.963,0.972,0.983,0.992,1,0.992,0.984,0.974,0.962,0.947,0.925,0.906,0.887,0.864,0.846,0.826,0.81,0.796,0.777,0.761,0.743,0.724,0.707,0.69,0.661,0.63,0.61,0.587,0.567,0.555,0.542,0.528,0.514,0.503,0.492,0.473,0.451,0.428,0.421,0.401,0.396,0.389,0.385,0.37,0.358,0.343,0.329,0.322,0.317,0.309,0.3,0.292,0.279,0.255,0.247,0.242,0.24,0.236,0.233,0.239,0.237,0.248,0.245
0.17,0.856,0.864,0.89,0.926,0.942,0.954,0.963,0.974,0.983,0.992,1,0.992,0.984,0.974,0.958,0.937,0.917,0.898,0.875,0.857,0.838,0.822,0.808,0.79,0.774,0.756,0.738,0.72,0.704,0.675,0.644,0.623,0.6,0.58,0.567,0.554,0.538,0.524,0.513,0.502,0.482,0.459,0.436,0.43,0.409,0.403,0.397,0.393,0.377,0.366,0.351,0.338,0.33,0.324,0.317,0.308,0.3,0.287,0.263,0.255,0.25,0.248,0.244,0.241,0.249,0.247,0.258,0.255
0.18,0.847,0.855,0.879,0.916,0.932,0.944,0.953,0.964,0.973,0.984,0.992,1,0.992,0.984,0.969,0.948,0.928,0.909,0.886,0.869,0.85,0.835,0.821,0.802,0.787,0.77,0.752,0.734,0.718,0.689,0.659,0.638,0.614,0.594,0.579,0.566,0.549,0.536,0.523,0.512,0.491,0.468,0.445,0.438,0.418,0.413,0.405,0.401,0.386,0.374,0.36,0.347,0.339,0.333,0.325,0.316,0.308,0.295,0.27,0.262,0.258,0.256,0.252,0.25,0.26,0.258,0.269,0.265
0.19,0.837,0.843,0.868,0.904,0.919,0.931,0.941,0.952,0.962,0.974,0.984,0.992,1,0.993,0.978,0.956,0.937,0.918,0.896,0.879,0.86,0.844,0.831,0.813,0.798,0.78,0.762,0.745,0.729,0.701,0.67,0.649,0.625,0.605,0.59,0.576,0.559,0.546,0.533,0.52,0.499,0.476,0.453,0.447,0.428,0.422,0.415,0.41,0.395,0.385,0.371,0.359,0.349,0.342,0.334,0.325,0.316,0.303,0.278,0.27,0.266,0.264,0.261,0.259,0.27,0.269,0.279,0.275
0.2,0.824,0.829,0.853,0.89,0.905,0.917,0.926,0.938,0.949,0.962,0.974,0.984,0.993,1,0.985,0.964,0.944,0.927,0.904,0.887,0.869,0.854,0.84,0.822,0.807,0.79,0.772,0.755,0.739,0.711,0.68,0.659,0.634,0.614,0.597,0.583,0.565,0.552,0.539,0.525,0.504,0.482,0.459,0.452,0.433,0.427,0.419,0.415,0.4,0.391,0.378,0.365,0.353,0.348,0.339,0.329,0.321,0.308,0.283,0.274,0.27,0.269,0.266,0.265,0.278,0.276,0.286,0.282
0.22,0.813,0.818,0.841,0.876,0.89,0.902,0.911,0.922,0.933,0.947,0.958,0.969,0.978,0.985,1,0.986,0.971,0.954,0.932,0.916,0.897,0.882,0.868,0.851,0.837,0.821,0.804,0.787,0.77,0.742,0.711,0.689,0.663,0.643,0.625,0.61,0.592,0.579,0.565,0.55,0.53,0.507,0.483,0.476,0.457,0.451,0.445,0.441,0.425,0.415,0.401,0.388,0.375,0.369,0.359,0.349,0.341,0.327,0.301,0.291,0.287,0.286,0.283,0.282,0.295,0.293,0.305,0.302
0.24,0.797,0.802,0.825,0.857,0.87,0.881,0.89,0.901,0.911,0.925,0.937,0.948,0.956,0.964,0.986,1,0.988,0.971,0.95,0.935,0.916,0.901,0.888,0.871,0.858,0.842,0.826,0.81,0.794,0.766,0.736,0.713,0.687,0.666,0.647,0.632,0.615,0.602,0.587,0.572,0.551,0.53,0.506,0.498,0.478,0.473,0.466,0.463,0.446,0.436,0.421,0.407,0.395,0.389,0.379,0.367,0.359,0.345,0.32,0.309,0.304,0.303,0.299,0.299,0.312,0.31,0.322,0.32
0.26,0.782,0.787,0.81,0.842,0.855,0.865,0.873,0.883,0.892,0.906,0.917,0.928,0.937,0.944,0.971,0.988,1,0.988,0.97,0.956,0.939,0.925,0.911,0.894,0.882,0.866,0.851,0.835,0.819,0.791,0.761,0.738,0.712,0.691,0.671,0.657,0.639,0.625,0.609,0.594,0.573,0.553,0.529,0.521,0.502,0.497,0.49,0.486,0.47,0.459,0.444,0.429,0.416,0.41,0.4,0.388,0.38,0.365,0.341,0.33,0.324,0.323,0.319,0.318,0.332,0.329,0.342,0.34
0.28,0.768,0.772,0.796,0.826,0.838,0.848,0.856,0.864,0.873,0.887,0.898,0.909,0.918,0.927,0.954,0.971,0.988,1,0.988,0.976,0.959,0.944,0.931,0.914,0.902,0.887,0.872,0.857,0.841,0.813,0.782,0.759,0.733,0.712,0.692,0.678,0.661,0.646,0.63,0.614,0.593,0.575,0.551,0.543,0.523,0.518,0.512,0.507,0.492,0.481,0.465,0.45,0.436,0.428,0.418,0.406,0.397,0.382,0.359,0.348,0.342,0.341,0.337,0.336,0.347,0.344,0.357,0.356
0.3,0.749,0.754,0.777,0.805,0.816,0.827,0.833,0.842,0.85,0.864,0.875,0.886,0.896,0.904,0.932,0.95,0.97,0.988,1,0.989,0.973,0.959,0.946,0.929,0.917,0.902,0.887,0.873,0.858,0.831,0.8,0.777,0.751,0.73,0.71,0.696,0.678,0.664,0.647,0.631,0.609,0.591,0.568,0.559,0.538,0.533,0.527,0.522,0.508,0.496,0.481,0.465,0.451,0.442,0.432,0.42,0.411,0.396,0.373,0.363,0.356,0.354,0.35,0.35,0.36,0.357,0.37,0.369
0.32,0.735,0.741,0.762,0.79,0.8,0.809,0.816,0.824,0.832,0.846,0.857,0.869,0.879,0.887,0.916,0.935,0.956,0.976,0.989,1,0.99,0.979,0.966,0.95,0.938,0.923,0.908,0.894,0.879,0.854,0.823,0.8,0.774,0.752,0.732,0.717,0.698,0.683,0.667,0.65,0.628,0.609,0.585,0.577,0.554,0.549,0.542,0.537,0.524,0.514,0.499,0.484,0.469,0.459,0.449,0.437,0.428,0.414,0.391,0.381,0.374,0.372,0.368,0.367,0.378,0.373,0.387,0.385
0.34,0.717,0.723,0.743,0.772,0.781,0.79,0.796,0.804,0.812,0.826,0.838,0.85,0.86,0.869,0.897,0.916,0.939,0.959,0.973,0.99,1,0.991,0.979,0.964,0.953,0.938,0.923,0.909,0.894,0.87,0.84,0.817,0.791,0.769,0.749,0.734,0.715,0.7,0.684,0.667,0.644,0.624,0.6,0.59,0.567,0.561,0.555,0.549,0.536,0.526,0.512,0.497,0.482,0.472,0.462,0.451,0.442,0.428,0.406,0.395,0.388,0.387,0.383,0.382,0.392,0.387,0.4,0.399
0.36,0.702,0.709,0.727,0.755,0.765,0.774,0.78,0.788,0.796,0.81,0.822,0.835,0.844,0.854,0.882,0.901,0.925,0.944,0.959,0.979,0.991,1,0.991,0.978,0.968,0.954,0.94,0.927,0.912,0.888,0.86,0.837,0.81,0.79,0.769,0.754,0.734,0.719,0.703,0.686,0.662,0.642,0.617,0.608,0.584,0.579,0.572,0.567,0.553,0.544,0.53,0.516,0.5,0.49,0.479,0.468,0.459,0.445,0.423,0.412,0.405,0.404,0.399,0.398,0.409,0.404,0.416,0.414
0.38,0.689,0.697,0.713,0.742,0.751,0.76,0.766,0.774,0.782,0.796,0.808,0.821,0.831,0.84,0.868,0.888,0.911,0.931,0.946,0.966,0.979,0.991,1,0.992,0.983,0.969,0.956,0.943,0.928,0.906,0.877,0.855,0.828,0.807,0.786,0.77,0.749,0.734,0.718,0.7,0.676,0.656,0.631,0.621,0.598,0.593,0.585,0.58,0.566,0.558,0.543,0.529,0.515,0.505,0.494,0.483,0.475,0.461,0.436,0.425,0.419,0.417,0.413,0.41,0.421,0.415,0.428,0.426
0.4,0.674,0.68,0.695,0.724,0.733,0.742,0.748,0.756,0.763,0.777,0.79,0.802,0.813,0.822,0.851,0.871,0.894,0.914,0.929,0.95,0.964,0.978,0.992,1,0.992,0.98,0.967,0.954,0.939,0.917,0.889,0.867,0.84,0.819,0.798,0.781,0.76,0.745,0.73,0.712,0.688,0.668,0.643,0.634,0.611,0.605,0.597,0.592,0.578,0.569,0.554,0.541,0.527,0.517,0.507,0.496,0.488,0.474,0.448,0.437,0.43,0.428,0.423,0.421,0.431,0.425,0.437,0.436
0.42,0.662,0.669,0.681,0.708,0.717,0.727,0.732,0.74,0.746,0.761,0.774,0.787,0.798,0.807,0.837,0.858,0.882,0.902,0.917,0.938,0.953,0.968,0.983,0.992,1,0.993,0.983,0.971,0.958,0.937,0.908,0.887,0.86,0.839,0.817,0.801,0.78,0.766,0.751,0.733,0.71,0.69,0.664,0.654,0.632,0.625,0.616,0.612,0.598,0.589,0.575,0.56,0.547,0.536,0.526,0.514,0.505,0.49,0.465,0.453,0.445,0.443,0.438,0.435,0.444,0.437,0.45,0.448
0.44,0.646,0.653,0.665,0.691,0.699,0.708,0.714,0.721,0.728,0.743,0.756,0.77,0.78,0.79,0.821,0.842,0.866,0.887,0.902,0.923,0.938,0.954,0.969,0.98,0.993,1,0.994,0.984,0.971,0.951,0.922,0.901,0.875,0.854,0.833,0.817,0.796,0.782,0.767,0.75,0.727,0.707,0.681,0.671,0.648,0.64,0.631,0.626,0.613,0.604,0.59,0.575,0.56,0.551,0.54,0.528,0.519,0.504,0.479,0.467,0.459,0.456,0.451,0.448,0.455,0.447,0.459,0.458
0.46,0.631,0.638,0.648,0.673,0.681,0.69,0.696,0.703,0.71,0.724,0.738,0.752,0.762,0.772,0.804,0.826,0.851,0.872,0.887,0.908,0.923,0.94,0.956,0.967,0.983,0.994,1,0.994,0.983,0.963,0.936,0.915,0.889,0.868,0.847,0.831,0.811,0.797,0.782,0.765,0.742,0.722,0.697,0.687,0.664,0.656,0.646,0.641,0.628,0.62,0.605,0.59,0.576,0.565,0.555,0.542,0.533,0.517,0.492,0.48,0.472,0.469,0.463,0.46,0.467,0.458,0.47,0.469
0.48,0.62,0.624,0.631,0.655,0.662,0.673,0.679,0.686,0.692,0.707,0.72,0.734,0.745,0.755,0.787,0.81,0.835,0.857,0.873,0.894,0.909,0.927,0.943,0.954,0.971,0.984,0.994,1,0.995,0.976,0.949,0.93,0.903,0.882,0.861,0.846,0.825,0.812,0.796,0.779,0.755,0.737,0.712,0.703,0.68,0.671,0.661,0.657,0.643,0.635,0.619,0.603,0.589,0.578,0.567,0.554,0.545,0.529,0.505,0.493,0.484,0.481,0.474,0.471,0.479,0.47,0.481,0.48
0.5,0.604,0.608,0.614,0.637,0.644,0.655,0.662,0.669,0.676,0.69,0.704,0.718,0.729,0.739,0.77,0.794,0.819,0.841,0.858,0.879,0.894,0.912,0.928,0.939,0.958,0.971,0.983,0.995,1,0.984,0.958,0.939,0.912,0.892,0.87,0.855,0.836,0.822,0.806,0.789,0.765,0.747,0.724,0.715,0.691,0.683,0.672,0.668,0.655,0.647,0.63,0.613,0.599,0.588,0.577,0.563,0.554,0.539,0.515,0.502,0.493,0.49,0.483,0.478,0.487,0.477,0.489,0.488
0.55,0.58,0.582,0.587,0.609,0.615,0.625,0.632,0.639,0.647,0.661,0.675,0.689,0.701,0.711,0.742,0.766,0.791,0.813,0.831,0.854,0.87,0.888,0.906,0.917,0.937,0.951,0.963,0.976,0.984,1,0.987,0.971,0.946,0.926,0.906,0.891,0.872,0.86,0.844,0.827,0.803,0.787,0.765,0.757,0.735,0.727,0.717,0.712,0.699,0.691,0.672,0.655,0.641,0.628,0.617,0.603,0.592,0.577,0.553,0.541,0.532,0.529,0.521,0.516,0.526,0.515,0.525,0.524
0.6,0.554,0.556,0.557,0.578,0.584,0.594,0.6,0.607,0.616,0.63,0.644,0.659,0.67,0.68,0.711,0.736,0.761,0.782,0.8,0.823,0.84,0.86,0.877,0.889,0.908,0.922,0.936,0.949,0.958,0.987,1,0.988,0.965,0.947,0.928,0.915,0.896,0.885,0.87,0.853,0.829,0.815,0.793,0.785,0.765,0.756,0.745,0.741,0.729,0.72,0.699,0.682,0.668,0.653,0.642,0.627,0.616,0.601,0.579,0.567,0.558,0.553,0.546,0.541,0.551,0.541,0.549,0.547
0.65,0.54,0.541,0.537,0.557,0.563,0.572,0.579,0.587,0.595,0.61,0.623,0.638,0.649,0.659,0.689,0.713,0.738,0.759,0.777,0.8,0.817,0.837,0.855,0.867,0.887,0.901,0.915,0.93,0.939,0.971,0.988,1,0.989,0.972,0.954,0.942,0.924,0.913,0.898,0.881,0.856,0.841,0.819,0.811,0.791,0.782,0.771,0.767,0.754,0.745,0.724,0.706,0.691,0.675,0.663,0.648,0.636,0.621,0.6,0.588,0.579,0.574,0.567,0.562,0.571,0.56,0.567,0.562
0.7,0.519,0.52,0.517,0.536,0.542,0.551,0.558,0.565,0.573,0.587,0.6,0.614,0.625,0.634,0.663,0.687,0.712,0.733,0.751,0.774,0.791,0.81,0.828,0.84,0.86,0.875,0.889,0.903,0.912,0.946,0.965,0.989,1,0.989,0.971,0.959,0.941,0.931,0.916,0.899,0.875,0.86,0.837,0.827,0.806,0.798,0.786,0.781,0.769,0.759,0.736,0.719,0.703,0.686,0.674,0.657,0.645,0.631,0.61,0.598,0.589,0.584,0.577,0.572,0.579,0.569,0.573,0.566
0.75,0.499,0.501,0.5,0.518,0.523,0.532,0.539,0.545,0.554,0.567,0.58,0.594,0.605,0.614,0.643,0.666,0.691,0.712,0.73,0.752,0.769,0.79,0.807,0.819,0.839,0.854,0.868,0.882,0.892,0.926,0.947,0.972,0.989,1,0.988,0.976,0.958,0.948,0.934,0.917,0.893,0.878,0.854,0.844,0.822,0.812,0.8,0.795,0.782,0.772,0.749,0.731,0.716,0.699,0.686,0.67,0.658,0.644,0.624,0.613,0.604,0.599,0.592,0.587,0.594,0.583,0.585,0.577
0.8,0.497,0.494,0.492,0.509,0.515,0.523,0.53,0.536,0.543,0.555,0.567,0.579,0.59,0.597,0.625,0.647,0.671,0.692,0.71,0.732,0.749,0.769,0.786,0.798,0.817,0.833,0.847,0.861,0.87,0.906,0.928,0.954,0.971,0.988,1,0.992,0.975,0.965,0.951,0.934,0.91,0.894,0.871,0.861,0.837,0.827,0.814,0.809,0.797,0.787,0.763,0.745,0.729,0.712,0.699,0.682,0.67,0.655,0.635,0.625,0.616,0.612,0.605,0.6,0.604,0.593,0.594,0.584
0.85,0.488,0.485,0.483,0.499,0.504,0.512,0.518,0.523,0.53,0.542,0.554,0.566,0.576,0.583,0.61,0.632,0.657,0.678,0.696,0.717,0.734,0.754,0.77,0.781,0.801,0.817,0.831,0.846,0.855,0.891,0.915,0.942,0.959,0.976,0.992,1,0.993,0.984,0.969,0.952,0.927,0.912,0.889,0.878,0.855,0.844,0.832,0.827,0.813,0.803,0.778,0.759,0.743,0.724,0.711,0.693,0.68,0.665,0.644,0.633,0.624,0.62,0.613,0.608,0.607,0.595,0.595,0.585
0.9,0.477,0.476,0.473,0.487,0.492,0.499,0.505,0.509,0.516,0.528,0.538,0.549,0.559,0.565,0.592,0.615,0.639,0.661,0.678,0.698,0.715,0.734,0.749,0.76,0.78,0.796,0.811,0.825,0.836,0.872,0.896,0.924,0.941,0.958,0.975,0.993,1,0.993,0.979,0.962,0.937,0.923,0.9,0.888,0.865,0.855,0.842,0.837,0.823,0.811,0.784,0.763,0.748,0.729,0.715,0.697,0.683,0.669,0.645,0.634,0.625,0.62,0.613,0.607,0.603,0.59,0.59,0.58
0.95,0.469,0.467,0.462,0.475,0.48,0.488,0.493,0.498,0.504,0.514,0.524,0.536,0.546,0.552,0.579,0.602,0.625,0.646,0.664,0.683,0.7,0.719,0.734,0.745,0.766,0.782,0.797,0.812,0.822,0.86,0.885,0.913,0.931,0.948,0.965,0.984,0.993,1,0.994,0.978,0.953,0.939,0.915,0.904,0.882,0.873,0.86,0.854,0.84,0.827,0.801,0.78,0.764,0.745,0.73,0.712,0.699,0.684,0.661,0.649,0.64,0.634,0.627,0.621,0.618,0.604,0.604,0.593
1,0.462,0.46,0.454,0.466,0.47,0.477,0.482,0.486,0.492,0.503,0.513,0.523,0.533,0.539,0.565,0.587,0.609,0.63,0.647,0.667,0.684,0.703,0.718,0.73,0.751,0.767,0.782,0.796,0.806,0.844,0.87,0.898,0.916,0.934,0.951,0.969,0.979,0.994,1,0.987,0.962,0.948,0.924,0.913,0.893,0.884,0.87,0.864,0.848,0.836,0.809,0.788,0.771,0.751,0.737,0.718,0.704,0.69,0.666,0.654,0.645,0.638,0.631,0.625,0.622,0.609,0.61,0.598
1.1,0.46,0.456,0.448,0.458,0.461,0.469,0.474,0.476,0.482,0.492,0.502,0.512,0.52,0.525,0.55,0.572,0.594,0.614,0.631,0.65,0.667,0.686,0.7,0.712,0.733,0.75,0.765,0.779,0.789,0.827,0.853,0.881,0.899,0.917,0.934,0.952,0.962,0.978,0.987,1,0.989,0.975,0.953,0.941,0.922,0.913,0.9,0.893,0.877,0.867,0.838,0.818,0.8,0.779,0.764,0.745,0.73,0.715,0.692,0.681,0.671,0.664,0.657,0.65,0.648,0.636,0.638,0.626
1.2,0.451,0.446,0.434,0.441,0.445,0.451,0.456,0.458,0.463,0.473,0.482,0.491,0.499,0.504,0.53,0.551,0.573,0.593,0.609,0.628,0.644,0.662,0.676,0.688,0.71,0.727,0.742,0.755,0.765,0.803,0.829,0.856,0.875,0.893,0.91,0.927,0.937,0.953,0.962,0.989,1,0.989,0.968,0.956,0.938,0.929,0.915,0.909,0.892,0.881,0.854,0.833,0.815,0.793,0.778,0.758,0.743,0.728,0.705,0.693,0.684,0.677,0.669,0.662,0.662,0.652,0.653,0.641
1.3,0.434,0.431,0.415,0.422,0.426,0.432,0.437,0.438,0.442,0.451,0.459,0.468,0.476,0.482,0.507,0.53,0.553,0.575,0.591,0.609,0.624,0.642,0.656,0.668,0.69,0.707,0.722,0.737,0.747,0.787,0.815,0.841,0.86,0.878,0.894,0.912,0.923,0.939,0.948,0.975,0.989,1,0.99,0.979,0.962,0.952,0.937,0.93,0.914,0.903,0.876,0.855,0.838,0.815,0.8,0.78,0.765,0.75,0.728,0.715,0.706,0.699,0.691,0.684,0.681,0.671,0.671,0.658
1.4,0.419,0.416,0.398,0.401,0.405,0.41,0.415,0.415,0.419,0.428,0.436,0.445,0.453,0.459,0.483,0.506,0.529,0.551,0.568,0.585,0.6,0.617,0.631,0.643,0.664,0.681,0.697,0.712,0.724,0.765,0.793,0.819,0.837,0.854,0.871,0.889,0.9,0.915,0.924,0.953,0.968,0.99,1,0.992,0.975,0.964,0.948,0.941,0.926,0.915,0.888,0.868,0.85,0.827,0.812,0.792,0.777,0.762,0.739,0.728,0.718,0.711,0.703,0.695,0.691,0.68,0.679,0.667
1.5,0.422,0.414,0.394,0.395,0.399,0.404,0.408,0.407,0.412,0.421,0.43,0.438,0.447,0.452,0.476,0.498,0.521,0.543,0.559,0.577,0.59,0.608,0.621,0.634,0.654,0.671,0.687,0.703,0.715,0.757,0.785,0.811,0.827,0.844,0.861,0.878,0.888,0.904,0.913,0.941,0.956,0.979,0.992,1,0.992,0.982,0.966,0.958,0.943,0.932,0.907,0.886,0.868,0.844,0.83,0.81,0.795,0.78,0.757,0.747,0.737,0.729,0.721,0.713,0.708,0.695,0.694,0.681
1.6,0.412,0.396,0.376,0.375,0.38,0.385,0.388,0.387,0.392,0.401,0.409,0.418,0.428,0.433,0.457,0.478,0.502,0.523,0.538,0.554,0.567,0.584,0.598,0.611,0.632,0.648,0.664,0.68,0.691,0.735,0.765,0.791,0.806,0.822,0.837,0.855,0.865,0.882,0.893,0.922,0.938,0.962,0.975,0.992,1,0.993,0.979,0.97,0.955,0.943,0.917,0.896,0.878,0.854,0.841,0.822,0.807,0.793,0.77,0.76,0.75,0.742,0.734,0.725,0.72,0.707,0.705,0.692
1.7,0.416,0.395,0.37,0.371,0.376,0.381,0.384,0.383,0.387,0.396,0.403,0.413,0.422,0.427,0.451,0.473,0.497,0.518,0.533,0.549,0.561,0.579,0.593,0.605,0.625,0.64,0.656,0.671,0.683,0.727,0.756,0.782,0.798,0.812,0.827,0.844,0.855,0.873,0.884,0.913,0.929,0.952,0.964,0.982,0.993,1,0.994,0.987,0.972,0.959,0.933,0.912,0.892,0.868,0.855,0.838,0.822,0.808,0.783,0.774,0.763,0.756,0.747,0.738,0.731,0.717,0.714,0.702
1.8,0.415,0.393,0.366,0.364,0.369,0.374,0.378,0.376,0.38,0.389,0.397,0.405,0.415,0.419,0.445,0.466,0.49,0.512,0.527,0.542,0.555,0.572,0.585,0.597,0.616,0.631,0.646,0.661,0.672,0.717,0.745,0.771,0.786,0.8,0.814,0.832,0.842,0.86,0.87,0.9,0.915,0.937,0.948,0.966,0.979,0.994,1,0.995,0.982,0.968,0.942,0.921,0.9,0.876,0.864,0.846,0.83,0.815,0.79,0.78,0.769,0.761,0.753,0.743,0.734,0.719,0.716,0.703
1.9,0.411,0.392,0.364,0.36,0.364,0.369,0.372,0.371,0.376,0.385,0.393,0.401,0.41,0.415,0.441,0.463,0.486,0.507,0.522,0.537,0.549,0.567,0.58,0.592,0.612,0.626,0.641,0.657,0.668,0.712,0.741,0.767,0.781,0.795,0.809,0.827,0.837,0.854,0.864,0.893,0.909,0.93,0.941,0.958,0.97,0.987,0.995,1,0.993,0.981,0.956,0.934,0.913,0.888,0.876,0.858,0.842,0.826,0.801,0.791,0.78,0.772,0.763,0.752,0.742,0.728,0.724,0.709
2,0.391,0.374,0.348,0.344,0.348,0.353,0.355,0.355,0.36,0.37,0.377,0.386,0.395,0.4,0.425,0.446,0.47,0.492,0.508,0.524,0.536,0.553,0.566,0.578,0.598,0.613,0.628,0.643,0.655,0.699,0.729,0.754,0.769,0.782,0.797,0.813,0.823,0.84,0.848,0.877,0.892,0.914,0.926,0.943,0.955,0.972,0.982,0.993,1,0.99,0.965,0.943,0.921,0.896,0.884,0.865,0.849,0.833,0.809,0.799,0.788,0.779,0.769,0.757,0.745,0.73,0.725,0.71
2.2,0.378,0.365,0.337,0.331,0.335,0.34,0.343,0.342,0.347,0.358,0.366,0.374,0.385,0.391,0.415,0.436,0.459,0.481,0.496,0.514,0.526,0.544,0.558,0.569,0.589,0.604,0.62,0.635,0.647,0.691,0.72,0.745,0.759,0.772,0.787,0.803,0.811,0.827,0.836,0.867,0.881,0.903,0.915,0.932,0.943,0.959,0.968,0.981,0.99,1,0.989,0.973,0.953,0.929,0.918,0.9,0.884,0.868,0.844,0.834,0.823,0.814,0.804,0.791,0.778,0.762,0.755,0.739
2.4,0.367,0.356,0.327,0.319,0.325,0.33,0.33,0.329,0.333,0.343,0.351,0.36,0.371,0.378,0.401,0.421,0.444,0.465,0.481,0.499,0.512,0.53,0.543,0.554,0.575,0.59,0.605,0.619,0.63,0.672,0.699,0.724,0.736,0.749,0.763,0.778,0.784,0.801,0.809,0.838,0.854,0.876,0.888,0.907,0.917,0.933,0.942,0.956,0.965,0.989,1,0.993,0.974,0.952,0.941,0.924,0.908,0.892,0.868,0.858,0.847,0.838,0.828,0.813,0.799,0.781,0.771,0.752
2.6,0.357,0.345,0.314,0.305,0.311,0.316,0.316,0.316,0.32,0.329,0.338,0.347,0.359,0.365,0.388,0.407,0.429,0.45,0.465,0.484,0.497,0.516,0.529,0.541,0.56,0.575,0.59,0.603,0.613,0.655,0.682,0.706,0.719,0.731,0.745,0.759,0.763,0.78,0.788,0.818,0.833,0.855,0.868,0.886,0.896,0.912,0.921,0.934,0.943,0.973,0.993,1,0.988,0.972,0.962,0.946,0.931,0.915,0.89,0.881,0.87,0.86,0.849,0.833,0.817,0.797,0.785,0.765
2.8,0.347,0.341,0.312,0.301,0.306,0.31,0.31,0.31,0.314,0.322,0.33,0.339,0.349,0.353,0.375,0.395,0.416,0.436,0.451,0.469,0.482,0.5,0.515,0.527,0.547,0.56,0.576,0.589,0.599,0.641,0.668,0.691,0.703,0.716,0.729,0.743,0.748,0.764,0.771,0.8,0.815,0.838,0.85,0.868,0.878,0.892,0.9,0.913,0.921,0.953,0.974,0.988,1,0.993,0.984,0.969,0.954,0.939,0.913,0.902,0.891,0.88,0.867,0.85,0.832,0.811,0.799,0.779
3,0.339,0.334,0.306,0.297,0.301,0.305,0.306,0.306,0.308,0.317,0.324,0.333,0.342,0.348,0.369,0.389,0.41,0.428,0.442,0.459,0.472,0.49,0.505,0.517,0.536,0.551,0.565,0.578,0.588,0.628,0.653,0.675,0.686,0.699,0.712,0.724,0.729,0.745,0.751,0.779,0.793,0.815,0.827,0.844,0.854,0.868,0.876,0.888,0.896,0.929,0.952,0.972,0.993,1,0.993,0.979,0.965,0.951,0.925,0.914,0.902,0.891,0.878,0.86,0.841,0.819,0.806,0.785
3.2,0.332,0.324,0.297,0.286,0.292,0.296,0.298,0.297,0.3,0.309,0.317,0.325,0.334,0.339,0.359,0.379,0.4,0.418,0.432,0.449,0.462,0.479,0.494,0.507,0.526,0.54,0.555,0.567,0.577,0.617,0.642,0.663,0.674,0.686,0.699,0.711,0.715,0.73,0.737,0.764,0.778,0.8,0.812,0.83,0.841,0.855,0.864,0.876,0.884,0.918,0.941,0.962,0.984,0.993,1,0.994,0.985,0.972,0.949,0.94,0.927,0.917,0.904,0.887,0.866,0.843,0.829,0.808
3.4,0.325,0.318,0.288,0.276,0.282,0.286,0.288,0.288,0.29,0.3,0.308,0.316,0.325,0.329,0.349,0.367,0.388,0.406,0.42,0.437,0.451,0.468,0.483,0.496,0.514,0.528,0.542,0.554,0.563,0.603,0.627,0.648,0.657,0.67,0.682,0.693,0.697,0.712,0.718,0.745,0.758,0.78,0.792,0.81,0.822,0.838,0.846,0.858,0.865,0.9,0.924,0.946,0.969,0.979,0.994,1,0.996,0.986,0.965,0.955,0.944,0.934,0.922,0.905,0.883,0.859,0.845,0.823
3.6,0.317,0.311,0.28,0.268,0.274,0.278,0.279,0.279,0.281,0.292,0.3,0.308,0.316,0.321,0.341,0.359,0.38,0.397,0.411,0.428,0.442,0.459,0.475,0.488,0.505,0.519,0.533,0.545,0.554,0.592,0.616,0.636,0.645,0.658,0.67,0.68,0.683,0.699,0.704,0.73,0.743,0.765,0.777,0.795,0.807,0.822,0.83,0.842,0.849,0.884,0.908,0.931,0.954,0.965,0.985,0.996,1,0.995,0.978,0.97,0.96,0.95,0.939,0.923,0.9,0.876,0.862,0.84
3.8,0.308,0.302,0.268,0.256,0.261,0.264,0.266,0.266,0.269,0.279,0.287,0.295,0.303,0.308,0.327,0.345,0.365,0.382,0.396,0.414,0.428,0.445,0.461,0.474,0.49,0.504,0.517,0.529,0.539,0.577,0.601,0.621,0.631,0.644,0.655,0.665,0.669,0.684,0.69,0.715,0.728,0.75,0.762,0.78,0.793,0.808,0.815,0.826,0.833,0.868,0.892,0.915,0.939,0.951,0.972,0.986,0.995,1,0.99,0.984,0.975,0.966,0.956,0.94,0.917,0.892,0.878,0.857
4,0.286,0.278,0.243,0.23,0.235,0.239,0.24,0.242,0.244,0.255,0.263,0.27,0.278,0.283,0.301,0.32,0.341,0.359,0.373,0.391,0.406,0.423,0.436,0.448,0.465,0.479,0.492,0.505,0.515,0.553,0.579,0.6,0.61,0.624,0.635,0.644,0.645,0.661,0.666,0.692,0.705,0.728,0.739,0.757,0.77,0.783,0.79,0.801,0.809,0.844,0.868,0.89,0.913,0.925,0.949,0.965,0.978,0.99,1,0.997,0.989,0.981,0.971,0.956,0.933,0.908,0.896,0.875
4.2,0.278,0.27,0.236,0.223,0.227,0.23,0.231,0.233,0.235,0.247,0.255,0.262,0.27,0.274,0.291,0.309,0.33,0.348,0.363,0.381,0.395,0.412,0.425,0.437,0.453,0.467,0.48,0.493,0.502,0.541,0.567,0.588,0.598,0.613,0.625,0.633,0.634,0.649,0.654,0.681,0.693,0.715,0.728,0.747,0.76,0.774,0.78,0.791,0.799,0.834,0.858,0.881,0.902,0.914,0.94,0.955,0.97,0.984,0.997,1,0.997,0.992,0.983,0.969,0.946,0.921,0.909,0.888
4.4,0.274,0.267,0.232,0.219,0.223,0.226,0.227,0.228,0.23,0.242,0.25,0.258,0.266,0.27,0.287,0.304,0.324,0.342,0.356,0.374,0.388,0.405,0.419,0.43,0.445,0.459,0.472,0.484,0.493,0.532,0.558,0.579,0.589,0.604,0.616,0.624,0.625,0.64,0.645,0.671,0.684,0.706,0.718,0.737,0.75,0.763,0.769,0.78,0.788,0.823,0.847,0.87,0.891,0.902,0.927,0.944,0.96,0.975,0.989,0.997,1,0.998,0.99,0.977,0.954,0.929,0.917,0.897
4.6,0.272,0.264,0.229,0.216,0.22,0.223,0.225,0.226,0.228,0.24,0.248,0.256,0.264,0.269,0.286,0.303,0.323,0.341,0.354,0.372,0.387,0.404,0.417,0.428,0.443,0.456,0.469,0.481,0.49,0.529,0.553,0.574,0.584,0.599,0.612,0.62,0.62,0.634,0.638,0.664,0.677,0.699,0.711,0.729,0.742,0.756,0.761,0.772,0.779,0.814,0.838,0.86,0.88,0.891,0.917,0.934,0.95,0.966,0.981,0.992,0.998,1,0.996,0.986,0.966,0.942,0.929,0.909
4.8,0.27,0.262,0.225,0.213,0.216,0.219,0.22,0.221,0.224,0.236,0.244,0.252,0.261,0.266,0.283,0.299,0.319,0.337,0.35,0.368,0.383,0.399,0.413,0.423,0.438,0.451,0.463,0.474,0.483,0.521,0.546,0.567,0.577,0.592,0.605,0.613,0.613,0.627,0.631,0.657,0.669,0.691,0.703,0.721,0.734,0.747,0.753,0.763,0.769,0.804,0.828,0.849,0.867,0.878,0.904,0.922,0.939,0.956,0.971,0.983,0.99,0.996,1,0.996,0.978,0.955,0.943,0.922
5,0.266,0.259,0.221,0.209,0.212,0.215,0.216,0.218,0.22,0.233,0.241,0.25,0.259,0.265,0.282,0.299,0.318,0.336,0.35,0.367,0.382,0.398,0.41,0.421,0.435,0.448,0.46,0.471,0.478,0.516,0.541,0.562,0.572,0.587,0.6,0.608,0.607,0.621,0.625,0.65,0.662,0.684,0.695,0.713,0.725,0.738,0.743,0.752,0.757,0.791,0.813,0.833,0.85,0.86,0.887,0.905,0.923,0.94,0.956,0.969,0.977,0.986,0.996,1,0.986,0.964,0.952,0.933
5.5,0.272,0.26,0.215,0.203,0.208,0.212,0.215,0.218,0.223,0.239,0.249,0.26,0.27,0.278,0.295,0.312,0.332,0.347,0.36,0.378,0.392,0.409,0.421,0.431,0.444,0.455,0.467,0.479,0.487,0.526,0.551,0.571,0.579,0.594,0.604,0.607,0.603,0.618,0.622,0.648,0.662,0.681,0.691,0.708,0.72,0.731,0.734,0.742,0.745,0.778,0.799,0.817,0.832,0.841,0.866,0.883,0.9,0.917,0.933,0.946,0.954,0.966,0.978,0.986,1,0.992,0.983,0.965
6,0.269,0.258,0.213,0.2,0.205,0.209,0.213,0.216,0.221,0.237,0.247,0.258,0.269,0.276,0.293,0.31,0.329,0.344,0.357,0.373,0.387,0.404,0.415,0.425,0.437,0.447,0.458,0.47,0.477,0.515,0.541,0.56,0.569,0.583,0.593,0.595,0.59,0.604,0.609,0.636,0.652,0.671,0.68,0.695,0.707,0.717,0.719,0.728,0.73,0.762,0.781,0.797,0.811,0.819,0.843,0.859,0.876,0.892,0.908,0.921,0.929,0.942,0.955,0.964,0.992,1,0.994,0.979
6.5,0.28,0.269,0.226,0.212,0.217,0.221,0.224,0.227,0.231,0.248,0.258,0.269,0.279,0.286,0.305,0.322,0.342,0.357,0.37,0.387,0.4,0.416,0.428,0.437,0.45,0.459,0.47,0.481,0.489,0.525,0.549,0.567,0.573,0.585,0.594,0.595,0.59,0.604,0.61,0.638,0.653,0.671,0.679,0.694,0.705,0.714,0.716,0.724,0.725,0.755,0.771,0.785,0.799,0.806,0.829,0.845,0.862,0.878,0.896,0.909,0.917,0.929,0.943,0.952,0.983,0.994,1,0.994
7,0.276,0.266,0.222,0.208,0.214,0.219,0.222,0.223,0.227,0.245,0.255,0.265,0.275,0.282,0.302,0.32,0.34,0.356,0.369,0.385,0.399,0.414,0.426,0.436,0.448,0.458,0.469,0.48,0.488,0.524,0.547,0.562,0.566,0.577,0.584,0.585,0.58,0.593,0.598,0.626,0.641,0.658,0.667,0.681,0.692,0.702,0.703,0.709,0.71,0.739,0.752,0.765,0.779,0.785,0.808,0.823,0.84,0.857,0.875,0.888,0.897,0.909,0.922,0.933,0.965,0.979,0.994,1
